"""%1"" can't be returned: it isn't invoiced yet, or it is already in a return.","لا يمكن إرجاع ""%1"": لم تصدر فاتورته بعد، أو أنه مدرج بالفعل في طلب إرجاع."
"""input"" is required.","الحقل ""input"" مطلوب."
"A return can hold at most %1 lines.","يمكن أن يضم طلب الإرجاع %1 منتجًا كحد أقصى."
"Choose a reason for the return.","اختر سبب الإرجاع."
"Choose at least one item to return.","اختر منتجًا واحدًا على الأقل لإرجاعه."
"Choose one of the listed return reasons.","اختر أحد أسباب الإرجاع المتاحة."
"Each item can be listed only once.","يمكن إدراج كل منتج مرة واحدة فقط."
"Enter a whole quantity of at least 1 for ""%1"".","أدخل كمية صحيحة لا تقل عن 1 للمنتج ""%1""."
"Enter the order number.","أدخل رقم الطلب."
"Enter the refund amount you are asking for.","أدخل مبلغ الاسترداد الذي تطلبه."
"Item %1 is not a line of order %2.","المنتج %1 ليس ضمن الطلب %2."
"Items sold by different sellers need separate returns.","المنتجات المباعة من بائعين مختلفين تحتاج إلى طلبات إرجاع منفصلة."
"Keep the message under %1 characters.","يجب ألا تتجاوز الرسالة %1 حرف."
"Keep the reason under %1 characters.","يجب ألا يتجاوز السبب %1 حرف."
"Order %1 can't be returned yet: returns open once the order is processing or complete.","لا يمكن إرجاع الطلب %1 بعد: يتاح الإرجاع عندما يكون الطلب قيد التجهيز أو مكتملًا."
"Return the whole remaining quantity (%1) of ""%2"".","أرجِع الكمية المتبقية كاملة (%1) من ""%2""."
"Tell us about the return in the comment.","أخبرنا عن سبب الإرجاع في التعليق."
"The current customer isn't authorized.","العميل الحالي غير مصرّح له."
"The refund can't be more than %1 %2 for these items.","لا يمكن أن يتجاوز مبلغ الاسترداد %1 %2 لهذه المنتجات."
"The tracking number is too long.","رقم التتبع طويل جدًا."
"This return doesn't exist.","طلب الإرجاع هذا غير موجود."
"This return is closed, so it can't take new messages.","طلب الإرجاع هذا مغلق، ولا يمكن إضافة رسائل جديدة إليه."
"We couldn't file the return. Please try again.","تعذّر تقديم طلب الإرجاع. يرجى المحاولة مرة أخرى."
"We couldn't find order %1 in your account.","لم نعثر على الطلب %1 في حسابك."
"We couldn't send the message. Please try again.","تعذّر إرسال الرسالة. يرجى المحاولة مرة أخرى."
"Write a message.","اكتب رسالة."
"You can return at most %1 of ""%2"".","يمكنك إرجاع %1 كحد أقصى من ""%2""."
"currentPage must be 1 or more.","يجب أن تكون قيمة currentPage هي 1 أو أكثر."
"pageSize must be between 1 and %1.","يجب أن تكون قيمة pageSize بين 1 و%1."
