"""%1"" can't be returned: it isn't invoiced yet, or it is already in a return.","""%1"" can't be returned: it isn't invoiced yet, or it is already in a return."
"""%1"" is a bundle: choose the items inside it that you want to return.","""%1"" is a bundle: choose the items inside it that you want to return."
"""input"" is required.","""input"" is required."
"A new RMA #%1 has been submitted","A new RMA #%1 has been submitted"
"A return can hold at most %1 lines.","A return can hold at most %1 lines."
"Administrator","Administrator"
"Choose a reason for the return.","Choose a reason for the return."
"Choose at least one item to return.","Choose at least one item to return."
"Choose one of the listed return reasons.","Choose one of the listed return reasons."
"Each item can be listed only once.","Each item can be listed only once."
"Enter a whole quantity of at least 1 for ""%1"".","Enter a whole quantity of at least 1 for ""%1""."
"Enter the order number.","Enter the order number."
"Enter the refund amount you are asking for.","Enter the refund amount you are asking for."
"Item %1 can't be returned on its own: choose the line it belongs to.","Item %1 can't be returned on its own: choose the line it belongs to."
"Item %1 is not a line of order %2.","Item %1 is not a line of order %2."
"Items sold by different sellers need separate returns.","Items sold by different sellers need separate returns."
"Keep the message under %1 characters.","Keep the message under %1 characters."
"Keep the reason under %1 characters.","Keep the reason under %1 characters."
"Order %1 can't be returned yet: returns open once the order is processing or complete.","Order %1 can't be returned yet: returns open once the order is processing or complete."
"Part of bundle","Part of bundle"
"RMA #%1 has a new message","RMA #%1 has a new message"
"Return the whole remaining quantity (%1) of ""%2"".","Return the whole remaining quantity (%1) of ""%2""."
"Tell us about the return in the comment.","Tell us about the return in the comment."
"The current customer isn't authorized.","The current customer isn't authorized."
"The reason can't contain < > or "".","The reason can't contain < > or ""."
"The refund can't be more than %1 %2 for these items.","The refund can't be more than %1 %2 for these items."
"The tracking number is too long.","The tracking number is too long."
"This return doesn't exist.","This return doesn't exist."
"This return is closed, so it can't take new messages.","This return is closed, so it can't take new messages."
"Use only letters, digits, spaces and . _ / # - in the tracking number.","Use only letters, digits, spaces and . _ / # - in the tracking number."
"We couldn't file the return. Please try again.","We couldn't file the return. Please try again."
"We couldn't find order %1 in your account.","We couldn't find order %1 in your account."
"We couldn't send the message. Please try again.","We couldn't send the message. Please try again."
"Write a message.","Write a message."
"You can return at most %1 of ""%2"".","You can return at most %1 of ""%2""."
"currentPage must be 1 or more.","currentPage must be 1 or more."
"pageSize must be between 1 and %1.","pageSize must be between 1 and %1."
