"Choose delivery area","اختر منطقة التوصيل"
"Use this area","استخدم هذه المنطقة"
"Browse all products","تصفح جميع المنتجات"
"Coverage not confirmed yet. Check at checkout.","لم يتم تأكيد التغطية بعد. تحقق عند إتمام الطلب."
"Area covered. Stock and fees are checked at checkout.","المنطقة ضمن التغطية. يتم التحقق من المخزون والرسوم عند إتمام الطلب."
"This area requires a delivery quotation.","هذه المنطقة تتطلب عرض سعر للتوصيل."
"Delivery unavailable in this area.","التوصيل غير متاح لهذه المنطقة."
"Checking delivery area...","جار التحقق من منطقة التوصيل..."
"Delivery check unavailable. Please choose the area again.","تعذر التحقق من التوصيل. يرجى اختيار المنطقة مرة أخرى."
"Location service unavailable. Please choose the country again.","خدمة المناطق غير متاحة. يرجى اختيار الدولة مرة أخرى."
"Delivery is unavailable or requires a quotation for %1 at this address. Please change the address or remove the item.","التوصيل غير متاح أو يتطلب عرض سعر للمنتج %1 لهذا العنوان. يرجى تغيير العنوان أو إزالة المنتج."
