Features,المميزات
About the brand,حول العلامة التجارية
You added %1 to your shopping cart.,لقد أضفت٪ 1 إلى سلة التسوق الخاصة بك.
"You added %1 to your <a href=""%2"">shopping cart</a>.","لقد أضفت %1 <a href=""%2""> إلى عربة التسوق</a>."
This is a required field.,حقل إجباري
My Account,حسابي
Enter your email address,أدخل عنوان بريدك الالكتروني
Search entire store here...,إبحث في المتجر
Log In,تسجيل الدخول
Customer Login,تسجيل دخول العميل
Sign Up,سجل
Logout,تسجيل الخروج
Recently Viewed,تمت مشاهدته مؤخرا
Sort By,ترتيب حسب
Add to Cart,أضف إلى السلة
Add to cart,أضف إلى السلة
Add to Quote,اضف الى عرض سعر
Saudi Arabia,المملكة العربية السعودية
Related Products,منتجات ذات صله
Downloads,التنزيلات
specifications,المواصفات
About Product,عن المنتج
We deliver to,نحن نشحن الى
related video,فيديو ذو صلة
Update Shopping Cart,تحديث سلة الشراء
Summary,ملخص
Newly Arrived,وصل حديثا
Compare,قارن
Pay With,ادفع عن طريق
Subtotal,الإجمالي
Grand Total,المبلغ الإجمالي
Price Details,تفاصيل السعر
Remove,إزالة
Estimate Shipping and Tax,تقدير الشحن والضريبة
In Stock,متوفر
Qty,الكمية
Price,السعر
Item,عنصر
Cancel,إلغاء
Please enter your details below to complete your purchase,الرجاء إدخال التفاصيل الخاصة بك أدناه لإكمال عملية الشراء
Checkout,الدفع
First Name,الاسم الاول
Last Name,إسم العائلة
City,المدينة
State/Province,المحافظة
Place Order,إتمام الطلب
Items in Cart,العناصر في سلة التسوق
Shipping,الشحن
Order Total,إجمالي الطلب
Thank you for your purchase!,شكرا لك على الشراء!
We'll email you an order confirmation with details and tracking info.,سنرسل لك بريد الكتروني بتاكيد الطلب وتفاصيلة ، مع بيانات تتبع الطلب.
We can't find products matching the selection.,لا يمكننا العثور علي منتجات مطابقة للاختيار
Sign In,تسجيل الدخول
Create Account,إنشاء حساب
Wishlist,الرغبات
My Bag,حقيبتي
Search,بحث
New In,الجديد في
Shop,تسوق
About,عن
ABOUT,عن
Blog,المدونة
BLOG,المدونة
SALE,تخفيضات
SHOP BY CATEGORY,تسوق حسب الاقسام
BLOGS,المدونات
Thank you for your subscription.,شكرا لاشتراكك.
Thank you for your interest!,شكرا لك على اهتمامك!
Already have an account? Welcome back!,هل لديك حساب؟ مرحبا بعودتك!
Register using your name and email.,سجّل باستخدام اسمك وبريدك الإلكتروني.
Forgot Password?,هل نسيت كلمة المرور؟
Keep me up to date on news & exclusive offers.,إطلعني بالمستجدات الأخبار والعروض الحصرية.
Email Address,البريد الكتروني
Password,كلمه المرور
Price Low to High,السعرمن الأدنى للاعلى
Size,مقاس
Color,اللون
Category,الفئة
Accessories,ملحقات
Bottoms,الأسفل
Home,الصفحة الرئيسية
Load Previous,تحميل السابق
Load next,تحميل التالي
Description,الوصف
Product Specification,مواصفات المنتج
Editor’s Note & Styling Tips,ملاحظة المحرر ونصائح التصميم
Delivery,توصيل
Returns,إسترجاع
Help & Advice,المساعدة والارشادات
Featured Product,منتج مميز
No,لا
Yes,نعم
No Reviews Found,لم يتم العثور علي مراجعات
Write a Review,أكتب تقييم
Write Your Review,اكتب مراجعتك ، تقييمك
Nickname,لقب
Review,مراجعة
Submit Review,إرسال مراجعة
You,أنت
added,تمت الإضافة
Size Guide,دليل المقاسات
Read All,اقرأ الكل
Move to Wishlist,نقل إلي قائمة الرغبات
Update Bag,تحديث الحقيبة
Flat Rate,سعر موحد
Fixed,سعر ثابت
Order Summary,ملخص الطلب
Bag Total,مجموع الحقيبة
Review & Payments,المراجعة & المدفوعات
Shipping Address,عنوان الشحن
Company,الشركة
Newsletters,النشرات الإخبارية
Edit,تعديل
You subscribe to General Subscription.,شكرا لتسجيلكم في النشرة البريدية
Change Password,تغيير كلمة المرور
Manage Addresses,إدارة العناوين
You have not set a default billing address,لم تقم بتعيين عنوان إرسال فواتير افتراضي
You have not set a default shipping address,لم تقم بتعيين عنوان الشحن الافتراضي
Edit Address,تعديل العنوان
My Orders,طلباتي
My Wish List,قائمة الرغبات
Newsletter Subscriptions,الاشتراك في النشرات البريدية
Address,العنوان
Street Address,عنوان الشارع
Add New Address,أضف عنوان جديد
Save Address,حفظ العنوان
Edit Account Information,تعديل معلومات الحساب
Change Email,تغيير البريد الإالكتروني
Save,حفظ
You have submitted no reviews,لم تقم بتقديم أي مراجعات
General Subscription,إشتراك عام
Newsletter Subscription,الاشتراك في النشرة الإخبارية
Subscription option,خيار الاشتراك
Payment,دفع
Check / Money order,تحقق / حوالة مالية
My billing and shipping address are the same,عنوان الفواتير والشحن الخاص بي هو نفسه
Have a promocode?,هل لديك كود خصم؟
Thank You For Your Order,شكرا لطلبك
Your order number is:,رقم الطلب الخاص بك هو:
We'll email you an order confirmation with details,سنرسل لك رسالة تأكيد بالبريد الإلكتروني مع التفاصيل
Action,إجراء
Status,الحالة
Date,تاريخ
Pending,قيد المراجعة
Default Addresses,العناوين الافتراضية
Change Billing Address,تغيير عنوان الفواتير
Change Shipping Address,تغيير عنوان الشحن
Additional Address Entries,إدخال عنوان إضافي
You have no other address entries in your address book,ليس لديك عناوين أخرى في دفتر العناوين الخاص بك
Please select one of each of the ratings above,الرجاء أختيار تقييم
Created,تم الانشاء
My Recent Reviews,مراجعاتي الحديثة
YOU ARE SIGNED OUT,تم تسجيل خروجك
Continue as a Guest,إستمر كزائر
Checkout using your account,الدفع باستخدام حسابك
continue as a guest,إستمر كزائر
New Address,عنوان جديد
Search results for '%s',نتائج البحث عن '%s'
Your search returned no results,لا توجد نتائج لعملية بحثك
Edit Cart,تعديل السلة
Login,تسجيل الدخول
Create an account?,انشئ حساب؟
Cart Subtotal,المجموع الفرعي لسلة التسوق
Flat Rate - Fixed,سعر موحد - ثابت
OK,حسنا
Phone,رقم الهاتف
State,المحافظة
Delete,حذف
about us,من نحن
Privacy Policy,سياسة الخصوصية
Terms and Conditions,الأحكام والشروط
CUSTOMER SERVICES,خدمة العملاء
IN THE SPOTLIGHT,محط الأنظار
SOCIAL,اجتماعي
STAY CONNECTED,ابق على اتصال
Made by Magneto It Solutions,صمم بواسطة Magneto It Solutions
Your Account,حسابك
Delivery Policies,سياسات التوصيل
Return Policy,سياسة الأسترجاع
Contact Us,تواصل معنا
SOLD OUT,نفدت الكمية
Sale,تخفيضات
Occasion,المناسبة
Pattern,نمط
Type,نوع
YOU MAY ALSO LIKE,ربما يعجبك أيضا
Length,الطول
SKU,كود المنتج
here,هنا
to continue shopping.,لمواصلة التسوق.
View Details,عرض التفاصيل
Recent Posts,المشاركات الاخيرة
Archive,أرشيف
Posted:,تم النشر:
Read more &#187,اقرأ المزيد &#187
Read more »,اقرأ المزيد »
Contact us,تواصل معنا
Search results for:,نتائج البحث عن:
You must login or register to add items to your wishlist.,يجب عليك تسجيل الدخول أو التسجيل لإضافة عناصر إلى قائمة الأمنيات.
Jot us a note and we’ll get back to you soon.,اترك لنا ملاحظة وسنعاود الاتصال بك قريبًا.
Credit Card Number,رقم بطاقه الائتمان
Card Verification Number,رقم التحقق من البطاقة
Expiration Date,تاريخ الإنتهاء
You have submitted no reviews.,لم تقم بتقديم أي مراجعات.
Save in address book,حفظ في دفتر العناوين
Address*,العنوان
Ship Here,الشحن هنا
Ship here,الشحن هنا
Current Password,كلمة المرور الحالية
New Password,كلمة مرور جديدة
Confirm New Password,تأكيد كلمة المرور الجديدة
Order Status,حالة الطلب
Updates Sent to,تم إرسال التحديثات إلى
Payment Mode,طريقة الدفع
Placed On,تاريخ انشاء الطلب
You have no items in your quote cart.,لا يوجد لديك عناصر في عرض السعر الخاص بك.
Grand Total to be Charged,المجموع الكلي المطلوب
Settings,الإعدادات
You will be redirected to the PayPal website.,سيتم توجيهك إلى موقع باي بال الإلكتروني.
Continue to PayPal,تابع إلى باي بال
Add To Wishlist,أضف إلى قائمة الرغبات
You added,لقد أضفت
shopping cart,سلة التسوق
Customer Service,خدمة العملاء
Quantity,الكمية
Product Details,تفاصيل المنتج
Shipping & Return,الشحن والآسترجاع
More Information,المواصفات
Product Description,وصف المنتج
Reviews,التقييمات
Add New Review,أضف مراجعة جديدة
Facebook,فيسبوك
(Flat Rate - Fixed),(سعر موحد - ثابت)
Shipping Methods,طرق الشحن
TOP SELLING PRODUCTS,أكثر المنتجات مبيعاً
FRESH FROM THE BLOG,الجديد من المدونة
Position,موضع
RECENTLY,مؤخرا
VIEWED & MORE,تمت المشاهدة و المزيد
Continue to Payment,الاستمرار للدفع
Flat,مسطح
Rate,تقييم
Payment Method:,طريقة الدفع:
Search for Products,البحث عن المنتجات
My Product Reviews,تقييماتي للمنتجات
You aren't subscribed to our newsletter.,أنت غير مشترك في نشرتنا الإخبارية.
It's a default billing address.,عنوان إرسال الفواتير الافتراضي.
It's a default shipping address.,عنوان الشحن الافتراضي.
Email,البريد الإلكتروني
You have not submitted any review yet.,لم تقم بتقديم أي مراجعة بعد.
%1 has been removed from your Wish List.,%1 تم إزالته من قائمة رغباتك.
Loyalty Check,فحص الولاء
Please type the letters and numbers below,يرجى كتابة الحروف والأرقام أدناه
Forgot Password,نسيت كلمة المرور
Please enter your email address below to receive a password reset link,يرجى إدخال عنوان بريدك الإلكتروني أدناه لتلقي رابط إعادة تعيين كلمة المرور
Order,طلب
Reorder,إعادة الطلب
Show,عرض
Are you sure you would like to remove this item from the shopping cart?,هل أنت متأكد من أنك تريد إزالة هذا المنتج من سلة التسوق؟
Jot us a note and we’ll get back to you as quickly as possible.,اترك لنا ملاحظة وسنوافيك بالرد بأسرع وقت ممكن.
Name,الاسم
Submit,إرسال
Write Us,اكتب لنا
Please enter a valid email address,من فضلك أدخل بريد إلكتروني صحيح
Search posts here...,ابحث عن المنشورات هنا...
Next,التالى
Comments,تعليقات
Add a comment...,اضف تعليق...
"Minimum of different classes of characters in password is 3. Classes of characters: Lower Case, Upper Case, Digits, Special Characters.","الحد الأدنى لعدد فئات الأحرف في كلمة المرور هو 3. فئات الأحرف: الحروف الصغيرة، الحروف الكبيرة، الأرقام، الرموز الخاصة."
You can create an account after checkout.,يمكنك إنشاء حساب بعد إستكمال الطلب .
Credit Card,بطاقة إئتمانية
We have saved your subscription.,لقد قمنا بحفظ اشتراكك.
We have updated your subscription.,لقد قمنا بتحديث اشتراكك.
We have removed your newsletter subscription.,لقد أزلنا اشتراكك في النشرة الإخبارية.
All,الكل
Most Recent,الأحدث
On Sale,للبيع
Price - Low To High,السعر - من الأقل إلى الأعلى
Price - High To Low,السعر - من الأعلى إلى الأقل
Now Shopping by,الآن تسوق حسب
RECENTLY VIEWED PRODUCTS,المنتجات التي تم عرضها مؤخراً
Compare Products,مقارنة المنتجات
Product,المنتج
Select a Promo Offer,حدد عرضًا ترويجيًا
Cash On Delivery,الدفع عن الاستلام
Title,عنوان التقييم
Complete,مكتمل
Search results for,نتائج البحث عن
Remember Me,تذكرنى
Alerts,التنبيهات
ALERTS,التنبيهات
Store Credit,رصيد المتجر
My Support Tickets,تذاكر الدعم الخاصة بي
My Quotes,عروض الأسعار الخاصة بي
Support,الدعم
Write Your Own Review,قيم المنتج
Move to Cart,نقل إلى السلة
Current Balance,الرصيد الحالي
Your quote request has been received!,تم استلام طلب عرض السعر الخاص بك!
Quote #,عرض سعر رقم
Quote Total,مجموع عرض السعر
Create ticket,إنشئ تذكرة
Department,قسم
Priority,الأولوية
Subject,الموضوع
Message,رسالة
Brief description about your query...,وصف موجز حول استفسارك ...
Write subject here,اكتب الموضوع هنا
Open,افتح
Google,جوجل
Log in with an existing account,تسجيل الدخول باستخدام حساب موجود
My Quote Cart,سلة عرض الاسعار الخاصة بي
Quote Cart,سلة عروض الأسعار
Enter description…,أدخل وصف ...
Remarks,مراجع
Quote # %1,عرض سعر رقم %1
Quote Summary,ملخص عرض السعر
Update Quote,تحديث عرض السعر
Clear Quote,مسح عرض الاسعار
Add Note,اضف ملاحظة
Tax,ضريبة
order Id,رقم الطلب
Track Order,تتبع الطلب
Tracking Information,معلومات التتبع
Cart Total,مجموع السلة
You added product %1 to the comparison list.,لقد أضفت المنتج٪ 1 إلى قائمة المقارنة.
Sales team,فريق المبيعات
My Credit History,تاريخ بطاقة الإئتمان الخاصه بي
Amount,المبلغ
You added %1 to your quote cart.,لقد أضفت %1 إلى عرض السعر الخاصة بك.
View,عرض
Approved Price,السعر المعتمد
Canceled,تم الإلغاء
Approved,مقبول
Change Mobile Number,تغيير رقم الهاتف
Change Email and Mobile Number,تغيير البريد الإلكتروني ورقم الهاتف
"Change Email,Password and Number","تغيير البريد الإلكتروني وكلمة المرور ورقم الهاتف"
Change Email and Password,تغيير البريد الإلكتروني وكلمة المرور
Change Mobile Number and Password,تغيير رقم الهاتف وكلمة المرور
Use as my default billing address,استخدم كعنوان الفواتير الافتراضي الخاص بي
Use as my default shipping address,استخدم كعنوان الشحن الافتراضي الخاص بي
There are not enough products in stock,عفوا لا تتوفر هذه الكمية في المخزون
Machine Position,موضع الآلة
Body Material,مادة الهيكل
"Search for products, brands, etc…","ابحث عن المنتجات، العلامات التجارية، إلخ..."
Please enter a valid email address (Ex: johndoe@domain.com).,يرجى إدخال عنوان بريد إلكتروني صالح (مثال: johndoe@domain.com).
Brands,العلامات الجارية
Kuwait,الكويت
the United Arab Emirates,الإمارات العربية المتحدة
Qatar,قطر
Bahrain,البحرين
Oman,سلطنة عمان
Search results for: '%1',نتائج البحث عن: '%1'
%1 has been moved to your wish list.,تم نقل %1 إلى قائمة الرغبات الخاصة بك.
Your search returned no products.,لا توجد نتائج لعملية البحث.
Not yet calculated,لم يتم الحساب بعد
"There is already an account with this email address. If you are sure that it is your email address, <a href=""%1"">click here</a> to get your password and access your account.","يوجد بالفعل حساب بهذا البريد الإلكتروني. إذا كنت متأكدًا من أنه بريدك الإلكتروني، <a href=""%1"">اضغط هنا</a> لاستعادة كلمة المرور والوصول إلى حسابك."
Website,الموقع الإلكتروني
"%1 Item(s)","%1 عنصر (عناصر)"
continue,استمر
3. Payment Method,3. طريقة الدفع
Submit Quote,إرسال عرض السعر
Your Quote Request # is:,طلب عرض السعر الخاص بك هو:
We'll email you a Quote Request confirmation email with a link to track progress.,سنرسل إليك رسالة بريد إلكتروني لتأكيد طلب  عرض السعر مع رابط لتتبع الطلب .
Select Your Interest,اختر اهتمامك
Your Quote Request # is: %1.,طلب عرض السعر الخاص بك هو: %1.
Refunded #%3,تم استرداد #%3
Order # %1,رقم الطلب %1
Shipping & Handling,الشحن و التسليم
"Click <a href=""%1"">here</a> to continue shopping.","اضغط <a href="%1">هنا</a> لمتابعة التسوق."
"Request No","رقم الطلب"
"Short Description","وصف مختصر"
"has been added to your Wish List.","تمت إضافته إلى قائمة الرغبات الخاصة بك."
"Removed Successfully From The Whistlist","تمت إزالته بنجاح من قائمة الرغبات"
"The account sign-in was incorrect or your account is disabled temporarily. Please wait and try again later.","عملية تسجيل الدخول إلى الحساب غير صحيحة أو تم تعطيل حسابك مؤقتًا. الرجاء الانتظار والمحاولة مرة أخرى لاحقًا."
"You removed product %1 from the comparison list.","لقد ازلت المنتج %1 من قائمة المقارنة."
"Shipping & Handling (Free Shipping – Free)","الشحن والتسليم (شحن مجاني – مجاني)"
"Are you sure you want to remove this item from your Compare Products list?","هل أنت متأكد من أنك تريد إزالة هذا المنتج من قائمة مقارنة المنتجات الخاصة بك؟"
"You have no items to compare.","لا توجد عناصر للمقارنة."
"You added product %1 to the <a href=""%2"">comparison list</a>.","قمت بإضافة المنتج %1 إلى <a href=""%2"">قائمة المقارنة</a>."
"SAR","ريال سعودي"
"Change","تغيير"
"Popular Searches","عمليات البحث الشائعة"
"Recent Searches","عمليات البحث الأخيرة"
and above,و ما فوق
Status:,الحالة:
Order ID #,رقم الطلب #
Placed on,تاريخ انشاء الطلب
Order ID,رقم الطلب
Order ID:,رقم الطلب:
You canceled the coupon code.,لقد ألغيت رمز القسيمة.
This email address is already assigned to another user.,تم تخصيص عنوان البريد الإلكتروني هذا لمستخدم آخر بالفعل.
Are you sure you would like to remove this item from the quote cart?,هل أنت متأكد أنك ترغب في إزالة هذا العنصر من سلة عرض الاسعار؟
Discount (%1),الخصم (%1)
"You used coupon code ""%1"".","لقد استخدمت رمز القسيمة ""%1""."
Shipping & Handling (%1),الشحن والتسليم (%1)
No record found for the given details please check your Email or Order Id.,لم يتم العثور على سجل للتفاصيل المقدمة، يرجى التحقق من بريدك الإلكتروني أو رقم الطلب.
complete,مكتمل
canceled,تم الإلغاء
Discount,خصم
Discount Amount,مقدار الخصم
%1 - Discounts and Coupons,%1 - الخصومات والقسائم
Coupons/Discounts,القسائم/الخصومات
Promotions,العروض الترويجية
Coupon,قسيمة
Coupon Code,رمز القسيمة
Coupons,قسائم
"With customer tax applied “Before Discount”, the final discount calculation may not match customers’ expectations.","تطبيق الضريبة ""قبل الخصم"" ، الخصم النهائي قد لا يتطابق مع توقعات العملاء."
"The coupon code ""%1"" is not valid.","رمز القسيمة ""%1"" غير صالح."
Percent Discount,نسبة الخصم
%1 and above,%1 و ما فوق
Set a New Password,تعيين كلمة مرور جديدة
Please specify a shipping method.,يرجى تحديد طريقة الشحن.
Print Quote,طباعة عرض السعر
DATE,تاريخ
QUOTATION,عرض السعر
REQUEST NO:,رقم الطلب:
Submit & Print Quote,إرسال و طباعة عرض السعر
Enter your details,أدخل التفاصيل الخاصة بك
Notify Me,اعلمني عند توفر المنتج
Your email address here...,عنوان بريدك الإلكتروني هنا ...
%1 has been added to your Wish List.,%1 تم إضافته إلى قائمة رغباتك.
Pickup from Store - Free,الاستلام من المتجر - مجاني
Pickup from Store,الاستلام من المتجر
Free,مجانا
Email*,البريد الإلكتروني*
You already have an account with us. Sign in or continue as guest.,لديك حساب بالفعل معنا. قم بتسجيل الدخول أو الاستمرار كضيف.
Sorry no quotes are available for this order at this time,عذرًا  لا تتوفر عروض أسعار لهذا الطلب في الوقت الحالي
Thanks for subscribe we will notify when product back in stock.,شكرًا للاشتراك ، سنقوم بإخطارك عند إعادة المنتج.
Invalid login or password.,اسم المستخدم أو كلمة المرور غير صالحة.
Invalid login or password,اسم المستخدم أو كلمة المرور غير صالحة
The page you're trying to reach cannot be found.,لا يمكن العثور على الصفحة التي تحاول الوصول إليها.
The page you're trying to reach cannot be found,لا يمكن العثور على الصفحة التي تحاول الوصول إليها
Return to the Homepage,العودة إلى الصفحة الرئيسية
First Name*,الاسم الاول*
Last Name*,إسم العائلة*
Pages,الصفحات
Sitemap,خريطة الموقع
You have no store credit.,لا يوجد لديك رصيد في المتجر.
You have placed no quotes.,لا توجد عروض اسعار
MY CART,سلتي
You have not set a default shipping address.,لم تقم بتعيين عنوان الشحن الافتراضي.
You have not set a default billing address.,لم تقم بتعيين عنوان إرسال فواتير افتراضي.
You have no store credit history.,ليس لديك سجل رصيد في المتجر.
Email *,البريد الإلكتروني *
Do you want to remove this product?,هل تريد إزالة هذا المنتج؟
The requested qty is not available,الكمية المطلوبة غير متوفرة
Brand,العلامة التجارية
View Product,عرض المنتج
If there is an account associated with %1 you will receive an email with a link to reset your password.,إذا كان هناك حساب مرتبط بـ %1 سوف تتلقى رسالة بريد إلكتروني مع رابط لإعادة تعيين كلمة المرور الخاصة بك.
Product that you are trying to add is not available,المنتج الذي تحاول إضافته غير متاح
Apply store credit,تطبيق رصيد المتجر
Use,استخدام
from your store credit,من رصيد متجرك
No Payment Information Required,للا توجد معلومات دفع مطلوبة
Order Total Incl. Tax,إجمالي الطلب شامل الضريبة
Order Total Incl. Vat,إجمالي الطلب شامل ضريبة القيمة المضافة
Order Total Excl. Tax,إجمالي الطلب بدون الضريبة
Order Total Excl. Vat,إجمالي الطلب بدون ضريبة القيمة المضافة
You have successfully logged in using your Google account.,لقد قمت بتسجيل الدخول بنجاح باستخدام حساب Google الخاص بك.
Expiry Date,تاريخ الانتهاء
Expired,منتهية الصلاحية
N/A,لا يوجد
Order Canceled,تم إلغاء الطلب
Product Removed Successfully From The Whistlist,تم إزالة المنتج بنجاح من قائمة الرغبات
Processing,قيد المعالجة
Invalid Form Key. Please refresh the page.,مفتاح نموذج غير صالح. يرجى تحديث الصفحة.
VAT,ضريبة القيمة المضافة
vat,ضريبة القيمة المضافة
TAX,ضريبة
KSA,السعودية
We Ship to,نحن نشحن إلى
We ship to,نحن نشحن إلى
You updated your password.,لقد قمت بتحديث كلمة المرور الخاصة بك.
Your password reset link has expired.,انتهت صلاحية رابط إعادة تعيين كلمة المرور الخاصة بك.
You saved the account information.,قمت بحفظ معلومات الحساب.
Your order,طلبك
has been updated with a status of,تم تحديثه بحالة
logging into your account,تسجيل الدخول إلى حسابك
"If you have questions about your order, you can email us at","إذا كانت لديك أسئلة حول طلبك ، فيمكنك مراسلتنا عبر البريد الإلكتروني على"
Our hours are,ساعات العمل
order_status,حالة الطلب
Thank you for your order from,شكرا لك على طلبك من
Your Credit Memo,مذكرة الائتمان الخاصة بك
for Order,للطلب
Billing Info,معلومات الفواتير
Shipping Info,معلومات الشحن
Payment Method,طريقة الدفع
Your Invoice,فاتورتك
Once your package ships we will send you a tracking number.,بمجرد شحن الطرد الخاص بك ، سوف نرسل لك رقم التتبع.
MODEL #,نموذج #
PRODUCT NAME,اسم المنتج
QUINTITY,الجودة
UNIT PRICE,سعر الوحدة
TOTAL,الإجمالي
REQUEST NO,رقم الطلب
Your Quote Request.,طلب عرض الأسعار الخاص بك.
You can check the status of your order by,يمكنك التحقق من حالة طلبك عن طريق
or call us at,أو اتصل بنا على
Once your package ships we will send an email with a link to track your order.,بمجرد شحن الطرد الخاص بك ، سوف نرسل بريدًا إلكترونيًا يحتوي على رابط لتتبع طلبك.
Your shipping confirmation is below. Thank you again for your business.,تأكيد الشحن الخاص بك أدناه. شكرا لك مرة أخرى لعملك.
Your Shipment,شحنتك
Thank you for subscribing to our newsletter.,شكراً لاشتراكك في نشرتنا الإخبارية.
"To begin receiving the newsletter, you must first confirm your subscription by clicking on the following link:","لبدء استلام النشرة الإخبارية، يجب عليك أولاً تأكيد اشتراكك من خلال النقر على الرابط التالي:"
You have been successfully subscribed to our newsletter.,لقد تم الاشتراك بنجاح في النشرة الإخبارية.
You have been unsubscribed from the newsletter.,لقد تم إلغاء اشتراكك في النشرة الإخبارية.
We have received a request to change the following information associated with your account at,لقد تلقينا طلبًا لتغيير المعلومات التالية المرتبطة بحسابك في
"If you have not authorized this action, please contact us immediately at","إذا لم تأذن بهذا الإجراء ، فيرجى الاتصال بنا على الفور"
Thanks,شكرا
Hello,مرحبا
There was recently a request to change the password for your account.,كان هناك طلب مؤخرًا لتغيير كلمة المرور لحسابك.
"If you requested this change, set a new password here:","إذا طلبت هذا التغيير ، فقم بتعيين كلمة مرور جديدة هنا:"
"If you did not make this request, you can ignore this email and your password will remain the same.","إذا لم تقم بهذا الطلب ، يمكنك تجاهل هذا البريد الإلكتروني وستظل كلمة المرور الخاصة بك كما هي."
Welcome to,مرحبا بك في
"To sign in to our site, use these credentials during checkout or on the","لتسجيل الدخول إلى موقعنا، استخدم هذه البيانات عند الدفع أو على"
Password you set when creating account,كلمة المرور التي قمت بتعيينها عند إنشاء الحساب
Forgot your account password? Click,نسيت كلمة المرور الخاصة بحسابك؟ انقر علي
to reset it.,لإعادة تعيينه.
"When you sign in to your account, you will be able to:","عند تسجيل الدخول إلى حسابك ، ستتمكن من:"
Proceed through checkout faster,إتمام عملية الدفع بشكل أسرع
Check the status of orders,التحقق من حالة الطلبات
View past orders,عرض الطلبات السابقة
Store alternative addresses (for shipping to multiple family members and friends),تخزين عناوين بديلة (للشحن إلى عدة أفراد من العائلة والأصدقاء)
You must confirm your,يجب عليك تأكيد
before you can sign in (link is only valid once):,قبل أن تتمكن من تسجيل الدخول (الرابط صالح مرة واحدة فقط):
Confirm Your Account,اكد حسابك
Payment Transaction Failed,فشلت عملية الدفع
Reason,السبب
Checkout Type,نوع الدفع
Customer:,العميل:
Items,الاصناف
Total:,المجموع:
Billing Address:,عنوان الفواتير:
Shipping Address:,عنوان الشحن:
Shipping Method:,طريقة الشحن:
Date & Time:,التاريخ والوقت:
"Sincerely","تحياتنا"
You have a new quote request placed by,لديك طلب عرض سعر جديد تم تقديمه بواسطة
Request details:,تفاصيل الطلب:
Product:,المنتج:
Comment:,تعليق:
"Best Regards,","أطيب التحيات،"
Team.,الفريق.
Thank you for contacting us!,شكراً لتواصلك معنا!
Your quote request is being processed at the moment.,طلب عرض الأسعار الخاص بك قيد المعالجة في الوقت الحالي.
We’ll get back to you as soon as possible,سنتواصل معك في أقرب وقت ممكن
This is an automatic notification about a new quote request(s) made.,هذا إشعار تلقائي بخصوص طلب(طلبات) عرض اسعار تم تقديمه.
Quotes:,عروض الأسعار:
Thank you!,شكرا لك!
Your quote request from,طلب عرض السعر الخاص بك من
has been approved.,تمت الموافقة.
You can check the status of your quote request and proceed to checkout by,يمكنك التحقق من حالة طلب عرض السعر الخاص بك ومتابعة عملية الدفع عبر
The Quote Proposal will expire on,عرض السعر سينتهي في
has been canceled.,تم إلغاء.
You can check the status of your quote request by,يمكنك التحقق من حالة طلب عرض الأسعار الخاص بك عن طريق
Quote request for,طلب عرض أسعار
has been created.,تم إنشاؤه.
Quote,عرض سعر
Issued on,تم إصداره في
has been modified.,تم التعديل.
Special promotion,عرض خاص
Click,انقر
to view,لعرض
Proposal is about to expire. Please review the price proposal and move,عرض السعر على وشك الانتهاء. يرجى مراجعة عرض السعر والمضي قدمًا
to the cart to finalize the purchase!,إلى سلة التسوق لإتمام عملية الشراء!
Thank you for your quote request from,شكرًا لطلب عرض السعر الخاص بك من
Thank you for being our loyal customer.,شكرا لكونك عميلنا المخلص.
Administrator has added,تم أضافة المسؤول
to your Store Credit.,إلى رصيد المتجر الخاص بك.
The current store credit balance is,الرصيد الائتماني الحالي للمتجر هو
Administrator has removed,تمت إزالة المسؤول
from your Store Credit.,من رصيد المتجر.
was refunded.,تم استرجاعه.
were added to your Store Credit account.,تمت إضافتها إلى حساب رصيد المتجر الخاص بك.
was paid using,تم الدفع باستخدام
was canceled.,تم الالغاء.
A comment from Administrator:,تعليق من المسؤول:
You can use it for purchasing items in our online store right away.,يمكنك استخدامها لشراء العناصر من متجرنا الإلكتروني على الفور.
Currency Update Warnings,تحذيرات تحديث العملة
About Us,من نحن
Hours of Operation:,ساعات العمل:
Product alerts cron warnings,تحذيرات تنبيهات المنتج
wants to share this product with you:,يرغب في مشاركة هذا المنتج معك:
Message from,رسالة من
You can track your order status by creating an account.,يمكنك تتبع حالة طلبك عن طريق إنشاء حساب.
Your order # is:,رقم طلبك هو:
Print Order,طباعة الطلب
Sitemap Generation Warnings,تحذيرات توليد خريطة الموقع
"If you requested this change, reset your password here:","إذا طلبت هذا التغيير ، فأعد تعيين كلمة المرور هنا:"
"Thank you,","شكرا لك،"
A new admin account was created for,تم إنشاء حساب مسؤول جديد لـ
using,باستخدام
wants to share this Wish List from,تريد مشاركة قائمة الرغبات هذه من
with you:,معك:
View all Wish List items,عرض جميع عناصر قائمة الرغبات
You can check the status of reply to this ticket online at:,يمكنك التحقق من حالة الرد على هذه التذكرة عبر الإنترنت على:
Dear,العزيز
This is an automated response confirming the receipt of your ticket. One of our agents will get back to you as soon as possible.,هذه استجابة آلية تؤكد استلام تذكرتك. سيتواصل معك أحد موظفينا في أقرب وقت ممكن.
Ticket ID,رقم التذكرة
Details,تفاصيل
Thank you for registering with,شكرا للتسجيل في
Grand Total (Incl. Tax):,الإجمالي الكلي (شامل الضريبة):
Tax:,ضريبة:
Total Shipping Charges,إجمالي رسوم الشحن
URL:,عنوان:
Shipping Company:,شركة شحن:
Tracking Code #,رقم التتبع #
We found a order detail # %1,وجدنا تفاصيل الطلب رقم # %1
Order # %1 Not shipped yet,لم يتم شحن الطلب رقم %1 حتى الآن
You have successfully logged in using your %1 account.,لقد قمت بتسجيل الدخول بنجاح باستخدام حسابك %1.
The shipping method is missing. Select the shipping method and try again,طريقة الشحن مفقودة. حدد طريقة الشحن وحاول مرة أخرى
Comments:,تعليقات:
The shipping method is missing.,طريقة الشحن مفقودة.
Select the shipping method and try again.,حدد طريقة الشحن وحاول مرة أخرى.
The shipping method is missing. Select the shipping method and try again.,طريقة الشحن مفقودة. حدد طريقة الشحن وحاول مرة أخرى.
Previous,السابق
%1 Comment(s),%1 تعليق(تعليقات)
Highlights,أبرز النقاط
edit,تعديل
This email address is already subscribed.,عنوان البريد الإلكتروني هذا مشترك بالفعل.
You submitted your review for moderation.,لقد أرسلت مراجعتك للإشراف.
Minimum length of this field must be equal or greater than %1 symbols. Leading and trailing spaces will be ignored.,يجب أن يكون الحد الأدنى لطول هذا الحقل مساوياً أو أكبر من %1 رمزاً. سيتم تجاهل المسافات البادئة والنهائية..
Thank you for registering with %1,شكرا للتسجيل في %1
No New Notification,لا توجد إشعارات جديدة
Order Paid #%3,تم دفع الطلب #%3
In Progress,قيد المعالجة
%1 items,%1 عناصر
A customer with the same email address already exists in an associated website.,يوجد عميل بنفس عنوان البريد الإلكتروني بالفعل في موقع مرتبط.
Products you might like!,منتجات قد تعجبك!
Show Password,إظهار كلمة المرور
Login with an existing account,تسجيل الدخول بحساب موجود
Create New Customer Account,إنشاء حساب عميل جديد
Something went wrong,حدث خطأ ما
Login with Email,تسجيل الدخول بالبريد الإلكتروني
Login with Mobile,تسجيل الدخول بالهاتف المحمول
Notes,ملاحظات
VAT Number,الرقم الضريبي
Street Name,الشارع
Building Number,رقم المبني
Please select a township.,يرجى اختيار بلدة.
No payment method selected,لم يتم اختيار طريقة الدفع
Attention,انتباه
Added,تمت الإضافة
ADDED,تمت الإضافة
Kg,كغ
Order Comment,ملاحظة حول الطلب
Grand Total (Excl.Tax),الاجمالي بدون الضريبة
Grand Total (Incl.Tax),الاجمالي شامل الضريبة
About this item,حول هذه السلعة
Buy Now,اشترِ الآن
Paying off,الدفع
Your transaction is secure,معاملتك آمنة
Delivery by,التوصيل بواسطة
Sold by,يباع من
"Split into 4 payments of %s/month (with service charges included)","قسّط على 4 دفعات بمبلغ  %s /شهرياً (شاملاً رسوم الخدمة)"
"Have an account?","هل لديك حساب؟"
"Register","إنشاء حساب"
"Allow remote shopping assistance","السماح بالمساعدة في التسوق عن بعد"
This allows merchants to "see what you see" and take actions on your behalf in order to provide better assistance.,هذا يتيح للتجار "رؤية ما تراه" واتخاذ إجراءات نيابة عنك من أجل توفير مساعدة أفضل.
"Back to Home","العودة إلى الصفحة الرئيسية"
"Please check the mobile number you have entered.","من فضلك تحقق من رقم الهاتف الذي أدخلته."
"For delivery questions","لأسئلة التوصيل"
"Your mobile number is not valid.","رقم هاتفك غير صالح."
"Order details:","تفاصيل الطلب:"
"Order Date:","تاريخ الطلب:"
"A text message with a %1-digit verification code has been sent to %2","تم إرسال رسالة نصية تحتوي على رمز تحقق مكون من %1 أرقام إلى %2"
"Provided Zip/Postal Code seems to be invalid.","يبدو أن الرمز البريدي المقدم غير صالح."
" Example: "," مثال: "
"If you believe it is the right one you can ignore this notice.","إذا كنت تعتقد أنه الرمز الصحيح يمكنك تجاهل هذا الإشعار."
"Out of stock","غير متوفر"
"Learn More","المزيد"
"We found other products you might like!","لقد وجدنا منتجات أخرى قد تعجبك!"
"More Choices:","خيارات إضافية:"
"New Products","منتجات جديدة"
"Check items to add to the cart or","حدد العناصر لإضافتها إلى السلة أو"
"select all","حدد الكل"
"Shop By","تسوق حسب"
"Clear All","مسح الكل"
"Shopping Options","خيارات التسوق"
"All Categories","جميع الفئات"
"Have no posts.","لا توجد منشورات."
Author:,الكاتب:
%1,%1
"Published in:","نُشر في:"
"Tags: ","علامات: "
"Share on ","مشاركة علي "
"* Required Fields","* الحقول المطلوبة"
"Leave A Reply","اترك تعليقاً"
Content,المحتوى
"Submit Comment","إرسال التعليق"
"You must be logged in to post a comment.","يجب أن تكون مسجلاً الدخول لنشر تعليق."
"Click here","انقر هنا"
"to log in","لتسجيل الدخول"
"Leave a reply","اترك تعليقاً"
"Load More Comment","تحميل المزيد من التعليقات"
Categories,الفئات
Tags,العلامات
"Featured Brands","العلامات التجارية المميزة"
"%1 ","%1 "
Products,المنتجات
"Related Products By Brand","منتجات ذات صلة حسب العلامة التجارية"
"View Detail","عرض التفاصيل"
"Add to Wish List","أضف إلى قائمة الرغبات"
"View All","عرض الكل"
"Have no brands.","لا توجد علامات تجارية."
0-9,0-9
"Search Brand","ابحث عن علامة تجارية"
"Search brand here...","ابحث عن العلامة التجارية هنا..."
Reset,إعادة تعيين
"There are no brands matching the selection.","لا توجد علامات تجارية تطابق الاختيار."
Video,فيديو
"Select Block","حدد الكتلة"
"Static Content","المحتوى الثابت"
Heading,عنوان
"Text content & Images","المحتوى النصي والصور"
Images,صور
"OWL Carousel Slider","عارض الصور OWL"
"Masonry Gallery","التنسيق الشبكي للمعرض"
"Promo Banner","بانر ترويجي"
Profile,الملف الشخصي
Accordion,لوحة قابلة للطي
"Google Map","خرائط جوجل"
"Content Box","مربع محتوى"
"Counter Box","مربع العداد"
"Countdown Box","مربع العد التنازلي"
Chart,رسم بياني
"Progress Bar","شريط التقدم"
"Progress Circle","دائرة التقدم"
Divider,فاصل
List,قائمة
Button,زر
Table,جدول
Tabs,علامات تبويب
"Modal Popup","نافذة منبثقة"
Form,نموذج
Catalog,كتالوج
"Category List","قائمة الفئات"
"Category Products","منتجات الفئة"
"Products by Attribute","المنتجات حسب السمة"
"Sale Products","المنتجات المخفضة"
"Top Rate Products","المنتجات الأعلى تقييمًا"
Deals,صفقات
"Special Deal","صفقة مميزة"
"Product Tabs","علامات تبويب المنتج"
"Single Product","منتج فردي"
Social,اجتماعي
"Facebook Fanbox","صندوق معجبين فيسبوك"
"Twitter Timeline","جدول زمني تويتر"
Instagram,إنستجرام
"Instagram Shop","متجر إنستجرام"
Extensions,الملحقات
Lookbook,كتاب البحث
"Lookbook Slider","عارض كتاب البحث"
"Latest Post","أحدث منشور"
Portfolio,ملف الأعمال
Testimonial,شهادة
"Products by Attribute Block","المنتجات حسب كتلة السمة"
"Product Config","إعداد المنتج"
Attribute,سمة
"Choose an attribute","اختر سمة"
"Number of product to display","عدد المنتجات المعروضة"
"Items per row (default)","العناصر لكل صف (افتراضي)"
"Items per row (tablet)","عدد العناصر لكل صف (الأجهزة اللوحية)"
"Items per row (mobile)","العناصر لكل صف (الهاتف المحمول)"
"Number col","عدد الأعمدة"
"Item per col","عدد العناصر لكل عمود"
"View mode","وضع العرض"
"Grid Ultra","شبكة فائقة"
Grid,شبكة
"Hide Product Name","إخفاء اسم المنتج"
"Hide Review","إخفاء المراجعة"
"Hide Price","إخفاء السعر"
"Hide Add to Cart","إخفاء أضف إلى السلة"
"Hide Add to Wishlist","إخفاء أضف إلي قائمة الرغبات"
"Hide Add to Compare","إخفاء أضف إلى المقارنة"
"Use slider","استخدام شريط التمرير"
Back,رجوع
General,عام
"Block col (12 to full)","عمود الكتلة (12 للعرض الكامل)"
"Custom Class","فئة مخصصة"
"Block Animation","رسوم متحركة للكتلة"
"Choose Animation Effect","اختر تأثير الرسوم المتحركة"
"Animation Delay","تأخير الرسوم المتحركة"
"Manage Images","إدارة الصور"
"Upload new Image","تحميل صورة جديدة"
"Manage Slide","إدارة الشريحة"
"Move Down","الانتقال لأسفل"
Image,صورة
Link,رابط
"Text (Html)","نص (HTML)"
"Text Position","موضع النص"
"Text Align","محاذاة النص"
Left,يسار
Center,منتصف
Right,يمين
"Text Animation","رسوم متحركة للنص"
"No Effect","بدون تأثير"
"Slide In Down","الانزلاق لأسفل"
"Slide In Up","الانزلاق لأعلى"
"Slide In Right","الانزلاق لليمين"
"Slide In Left","الانزلاق لليسار"
"Zoom In","تكبير"
"Zoom Out","تصغير"
"Add New Slide","إضافة شريحة جديدة"
"Slider Config","إعدادات شريط التمرير"
"Number of items on slide (default)","عدد العناصر في الشريحة (افتراضي)"
"Number of items on slide (tablet)","عدد العناصر في الشريحة (الأجهزة اللوحية)"
"Number of items on slide (mobile)","عدد العناصر في الشريحة (الموبايل)"
Preload,التحميل المسبق
"Height Preload","ارتفاع التحميل المسبق"
"Height Background Preload ( 500px, 25%, 50vh )","ارتفاع خلفية التحميل المسبق (500px, 25%, 50vh)"
"Margin right (on item)","الهامش الأيمن (على العنصر)"
RTL,من اليمين لليسار
"Full Height","الارتفاع الكامل"
"Auto play","التشغيل التلقائي"
"Auto play speed","سرعة التشغيل التلقائي"
"Stop autoplay on mouse hover","إيقاف التشغيل التلقائي عند التمرير بالماوس"
"Display navigation","عرض التنقل"
"Navigation position","موضع التنقل"
"Middle Inside","منتصف الداخل"
"Top Left","أعلى اليسار"
"Top Right","أعلى اليمين"
"Middle Outside","منتصف الخارج"
"Bottom Left","أسفل اليسار"
"Bottom Right","أسفل اليمين"
"Navigation top position","موضع التنقل العلوي"
"Auto hide navigation","إخفاء التنقل تلقائيًا"
"Display pagination","عرض الترقيم"
"Pagination position","موضع الترقيم"
Loop,تكرار
"Are you sure?","هل أنت متأكد؟"
"Please select an image","يرجى تحديد صورة"
"Please upload selected image first.","يرجى تحميل الصورة المحددة أولاً."
"Please choose file to upload.","يرجى اختيار ملف للتحميل."
"Choose File to Upload","اختر ملفًا للتحميل"
Upload,تحميل
"Special Deal Product Block","كتلة منتج العرض الخاص"
"Sub Title","العنوان الفرعي"
"Enter product name to search.","أدخل اسم المنتج للبحث."
"Time Text","نص الوقت"
"Template Style ","نمط القالب "
"Template Style 1","نمط القالب 1"
"Template Style 2","نمط القالب 2"
"Hide short description","إخفاء الوصف المختصر"
"Truncate short description","اختصار الوصف المختصر"
Masonry,التنسيق الشبكي
"Show Category Link","إظهار رابط الفئة"
"Discover More","اكتشف المزيد"
"There are no categories matching the selection.","لا توجد فئات مطابقة للاختيار."
"The product out of time deal special","المنتج خارج وقت العرض الخاص"
"SHOP NOW","تسوق الآن"
"Add to Compare","أضف إلى المقارنة"
"Save %1%","وفر  %1%"
"Shop Now","تسوق الآن"
"There are no products matching the selection.","لا توجد منتجات مطابقة للاختيار."
"<span class=""color-theme"">%1</span><span class=""color-date""> %2</span>","<span class=""color-theme"">%1</span><span class=""color-date""> %2</span>"
"Read more","اقرأ المزيد"
"We can't find post matching the selection.","لا يمكننا العثور على منشور مطابق للاختيار."
"There are no sliders matching the selection.","لا توجد شرائح مطابقة للاختيار."
"Can not get Instagram data or your instagram account have not any images.","لا يمكن الحصول على بيانات إنستجرام أو حسابك على إنستجرام ليس لديه أي صور."
"There are no portfolios matching the selection.","لا توجد محافظ مطابقة للاختيار."
Share:,شارك:
"Related Works","أعمال ذات صلة"
"Please config Google Map API","يرجى تكوين واجهة برمجة تطبيقات خرائط Google"
"Search by Area","البحث حسب المنطقة"
Country,الدولة
state,المحافظة
Zipcode,الرمز البريدي
"Search by Distance","البحث حسب المسافة"
Location,الموقع
"Street, City, State, Zipcode, Country","الشارع، المدينة، المحافظة، الرمز البريدي، الدولة"
Radius,النطاق
Kilomet,كيلومتر
"There are no stores.","لا توجد متاجر."
"Store List","قائمة المتاجر"
"Zip Code: %1","الرمز البريدي: %1"
"Phone: %1","الهاتف: %1"
"Phone: ","الهاتف: "
"View Map","عرض الخريطة"
"Show All Stores","عرض جميع المتاجر"
Address:,العنوان:
Email:,البريد الإلكتروني:
Fax:,الفاكس:
Website:,الموقع الإلكتروني:
"View All Store","عرض جميع المتاجر"
"Find Other Stores","ابحث عن متاجر أخرى"
"Opening Hours","ساعات العمل"
"Login Your Account","تسجيل الدخول إلى حسابك"
Forgot?,نسيت؟
"Create an account","إنشاء حساب"
"Remove This Item","إزالة هذا العنصر"
"View All Wish List","عرض كل قائمة الرغبات"
"You have no items in your wish list.","ليس لديك عناصر في قائمة الرغبات."
"Upsell Products","منتجات الترويج"
label,التسمية
Loading...,جارٍ التحميل...
"360 Deg","360 درجة"
"Apply Discount Code","تطبيق كود الخصم"
"Enter discount code","أدخل كود الخصم"
"Apply Discount","طبق الخصم"
Apply,تطبيق
"Cancel Coupon","إلغاء الكوبون"
"Update Cart","تحديث السلة"
"Your message","رسالتك"
"What’s on your mind?","ما الذي يدور في ذهنك؟"
"Send Message","إرسال الرسالة"
"Address %1 <span>of %2</span>","العنوان %1 <span>من %2</span>"
"Shipping To","الشحن إلى"
"Shipping Method","طريقة الشحن"
"Sorry, no quotes are available for this order right now.","عذرًا، لا توجد عروض أسعار متاحة لهذا الطلب في الوقت الحالي."
"Incl. Tax","شامل الضريبة"
"Excl. Tax","بدون الضريبة"
"Edit Items","تعديل العناصر"
"Product Name","اسم المنتج"
"Continue to Billing Information","الانتقال إلى معلومات الفواتير"
"Back to Select Addresses","العودة إلى اختيار العناوين"
"Start Searching...","ابدأ البحث..."
"Search here...","ابحث هنا..."
"You may also like","ربما يعجبك أيضًا"
"Featured Posts","المشاركات المميزة"
"This Wish List has no Items","قائمة الرغبات هذه لا تحتوي على عناصر"
"We can't find categories matching the selection.","لا يمكننا العثور على فئات مطابقة للاختيار."
"Cms Pages","صفحات CMS"
"We can't find cms pages matching the selection.","لا يمكننا العثور على صفحات CMS مطابقة للاختيار."
"We can't find posts matching the selection.","لا يمكننا العثور على منشورات مطابقة للاختيار."
Blogs,مدونات
"%1 Products","%1 منتجات"
Close,إغلاق
"Sign up Newsletter","الاشتراك في النشرة الإخبارية"
Subscribe,اشتراك
"Don't show this popup again","لا تظهر هذه النافذة المنبثقة مرة أخرى"
Publish,نشر
Customize,تخصيص
"Active CMS Builder","منشئ CMS النشط"
Days,أيام
Hours,الساعات
Mins,الدقائق
Secs,الثواني
Availability,التوفر
"Your Customization","تخصيصك"
"%1 x %2","%1 x %2"
"Please type the letters below","يرجى كتابة الحروف أدناه"
"Reload captcha","إعادة تحميل كلمة التحقق"
"<strong>Attention</strong>: Captcha is case sensitive.","<strong>تنبيه</strong>: كلمة التحقق حساسة لحالة الأحرف."
"Print This Page","طباعة هذه الصفحة"
"Compare Products","قارن المنتجات"
"Remove Product","إزالة المنتج"
Filter,تصفية
"Search Settings","إعدادات البحث"
"Shopping Cart Items","عناصر عربة التسوق"
Total,الإجمالي
"Continue Shopping","متابعة التسوق"
"Clear Shopping Cart","إفراغ عربة التسوق"
"See price before order confirmation.","اطلع على السعر قبل تأكيد الطلب."
"What's this?","ما هذا؟"
"My Cart","سلتي"
"Choose an Option...","اختر خيارًا..."
"All fields marked * are required","جميع الحقول المشار إليها بـ * مطلوبة"
"Address Book","دفتر العناوين"
"Default Billing Address","عنوان الفواتير الافتراضي"
"Edit your billing address","تحرير عنوان الفواتير الخاص بك"
"Default Shipping Address","عنوان الشحن الافتراضي"
"Account Information","معلومات الحساب"
"Contact Information","معلومات الاتصال"
Name:,الاسم:
"Edit your billing information","تحرير معلومات الفواتير الخاصة بك"
"You subscribe to ""General Subscription"".","أنت مشترك في ""الاشتراك العام""."
"You don't subscribe to our newsletter.","أنت غير مشترك في نشرتنا الإخبارية."
"Forgot Your Password","هل نسيت كلمة المرور"
"Please enter your email address below to receive a password reset link.","يرجى إدخال بريدك الإلكتروني أدناه لتلقي رابط إعادة تعيين كلمة المرور."
"Reset My Password","إعادة تعيين كلمة المرور"
"Go back","الرجوع"
Register,إنشاء حساب
"If you have an account, sign in with your email address.","إذا كان لديك حساب، قم بتسجيل الدخول باستخدام بريدك الإلكتروني."
or,أو
Mobile,الهاتف المحمول
"Forgot Your Password?","هل نسيت كلمة المرور؟"
"Send Otp","إرسال رمز التحقق"
"Email Address","عنوان البريد الإلكتروني"
"This extra step shows it’s really you trying to sign in. Click to the button below to send an OTP to your phone number","هذه الخطوة الإضافية تُظهر أنك بالفعل تحاول تسجيل الدخول. اضغط على الزر أدناه لإرسال رمز التحقق إلى رقم هاتفك"
"Get OTP","احصل على رمز التحقق"
"A text message with a %1-digit verification code has been sent to","تم إرسال رسالة نصية تحتوي على رمز تحقق مكون من %1 أرقام إلى"
"Your OTP","رمز التحقق الخاص بك"
Verify,تحقق
"Resend after %1 seconds","إعادة الإرسال بعد %1 ثانية"
"Personal Information","المعلومات الشخصية"
"Sign Up for Newsletter","اشترك في النشرة الإخبارية"
"Address Information","معلومات العنوان"
"Phone Number","رقم الهاتف"
"Street Address %1","عنوان الشارع %1"
"Please select a region, state or province.","يرجى اختيار منطقة أو ولاية أو مقاطعة."
"Zip/Postal Code","الرمز البريدي"
"Sign-in Information","معلومات تسجيل الدخول"
"Password Strength","قوة كلمة المرور"
"No Password","لا توجد كلمة مرور"
"Confirm Password","تأكيد كلمة المرور"
"Create an Account","إنشاء حساب"
"You are signed out","تم تسجيل خروجك"
"You have signed out and will go to our homepage in 5 seconds.","لقد قمت بتسجيل الخروج وسيتم نقلك إلى صفحتنا الرئيسية خلال 5 ثوانٍ."
Currency,العملة
Newsletter,النشرة الإخبارية
"Sign Up for Our Newsletter:","اشترك في نشرتنا الإخبارية:"
Remember,تذكر
"Check &quot;Remember Me&quot; to access your shopping cart on this computer even if you are not signed in.","حدد "تذكرني" للوصول إلى عربة التسوق الخاصة بك على هذا الكمبيوتر حتى إذا لم تقم بتسجيل الدخول."
"Average Customer Rating","متوسط تقييم العملاء"
"Your Review","مراجعتك"
"Submitted on %1","تم تقديمه في %1"
"Back to My Reviews","العودة إلى مراجعاتي"
"Orders","الطلبات"
"Order #","رقم الطلب #"
"Ship To","الشحن إلى"
"Actions","الإجراءات"
"View Order","عرض الطلب"
"You have placed no orders.","لم تقم بعمل أي طلبات."
"Items Ordered","العناصر المطلوبة"
"Gift Message","رسالة الهدية"
"From","من"
"To","إلى"
"Recent Orders","الطلبات الأخيرة"
"View All Orders History","عرض جميع الطلبات"
"Remove Recipent","إزالة المستلم"
"Sender","المرسل"
"Invite","دعوة"
"Maximum %1 email addresses allowed.","يُسمح بحد أقصى %1 من عناوين البريد الإلكتروني."
"Add Invite","إضافة دعوة"
"Send Email","إرسال بريد إلكتروني"
"Language","اللغة"
"Items %1 to %2 of %3 total","العناصر من %1 إلى %2 من %3 إجمالي"
"%1 Item","%1 عنصر"
"Page","صفحة"
"You're currently reading page","أنت تقرأ حاليًا الصفحة"
"per page","لكل صفحة"
Menu,القائمة
"Original Price","السعر الأصلي"
"Requested Price","السعر المطلوب"
"Click to the button below to verify your phone number","اضغط على الزر أدناه للتحقق من رقم هاتفك"
"Type a vaild Phone Number to continue.","أدخل رقم هاتف صالحًا للمتابعة."
"Mobile Number","رقم الهاتف المحمول"
"OTP is sending ...","جارٍ إرسال رمز التحقق ..."
"Verify Error","خطأ في التحقق"
"Resend OTP","إعادة إرسال رمز التحقق"
"This is required field.","هذا الحقل مطلوب."
"Your mobile number is not verified.","لم يتم التحقق من رقم هاتفك المحمول."
"Verify Your Mobile Number","تحقق من رقم هاتفك المحمول"
"If you have a seller account already, please login to manage your store.","إذا كان لديك حساب بائع بالفعل، يرجى تسجيل الدخول لإدارة متجرك."
"Login to Seller Panel","تسجيل الدخول إلى لوحة البائع"
"items","أصناف"
"View and edit cart","عرض وتحرير عربة التسوق"
"Go to Checkout","الانتقال إلى الدفع"
"You have no items in your shopping cart.","ليس لديك أي عناصر في سلة التسوق الخاصة بك."
"See Details","انظر التفاصيل"
"Options Details","تفاصيل الخيارات"
"Update","تحديث"
"Edit item","تعديل العنصر"
"Remove item","إزالة العنصر"
"Recently added item(s)","العناصر المضافة مؤخرًا"
"View and Edit Cart","عرض وتحرير عربة التسوق"
"Item in Cart","عنصر في سلة التسوق"
"Proceed to Checkout","المتابعة إلى الدفع"
"Gift Message (optional)","رسالة الهدية (اختياري)"
"To:","إلى:"
"From:","من:"
"Message:","رسالة:"
"Sorry, something went wrong. Please try again later.","عذرًا، حدث خطأ ما. يرجى المحاولة مرة أخرى لاحقًا."
"All ","الكل "
"more","المزيد"
"Error","خطأ"
"The phone number entered is invalid.","رقم الهاتف الذي تم إدخاله غير صالح."
"Resend (%1)","إعادة الإرسال (%1)"
"Otp Verification","التحقق برمز التحقق"
"none","لا أحد"
"Overview","نظرة عامة"
"You have no items in your quote","ليس لديك أي عناصر في عرض الأسعار الخاص بك"
"Featured Products","المنتجات المميزة"
"Fullfilled By","تم التنفيذ بواسطة"
"Enter your comment","أضف تعليقك"
"Click ","انقر "
"<a href="https://multi.magento2.click/">here</a>","<a href="https://multi.magento2.click/">هنا</a>"
" to go to homepage."," للانتقال إلى الصفحة الرئيسية."
"Quotes Request","طلب عرض أسعار"
"تم حفظ العنوان بنجاح.","تم حفظت العنوان بنجاح."
"My Credit","رصيدي"
"Credit Balance","رصيد الائتمان"
"Your credit balance is:","رصيدك الائتماني هو:"
"You have no transaction.","لا توجد معاملات."
"Request RMA","طلب استرجاع"
"Create Request","انشاء طلب"
"استرجاع","رد"
"Escalate RMA","تصعيد طلب الاسترجاع"
"Request Type :","نوع الطلب :"
"Order ID :","رقم الطلب :"
"Create At :","تاريخ الإنشاء :"
"Reason :","السبب :"
"Package Opened :","تم فتح الطرد :"
"Status :","الحالة :"
"Refund Amount :","قيمة الاسترداد :"
"RMA Comments","تعليقات طلب الاسترجاع"
"RMA Items","عناصر طلب الاسترجاع"
"RMA Escalate","تصعيد طلب الاسترجاع"
"Reply","رد"
"«Back to My Rma","«العودة إلى طلب الاسترجاع الخاص بي"
"RMA dont have escalate","لا يوجد تصعيد لطلب الاسترجاع"
"New Request","طلب جديد"
"Request Information","معلومات الطلب"
"---Select an order---","---اختر طلبًا---"
"at ","في "
"Request Type","نوع الطلب"
"Package Opened","تم فتح الطرد"
"--- Select an Type ---","--- اختر نوعًا ---"
"Replace","استبدال"
"--- Select an Reason ---","--- اختر سببًا ---"
"Metal Detectors","كاشفات المعادن"
"It's the wrong type","النوع خاطئ"
"It's broken","تالف"
"Faulty","معيب"
"I've changed my mind","غيرت رأيي"
"Other Reason","سبب آخر"
"Shipment Tracking Number","رقم تتبع الشحنة"
"Allow Extension : ","السماح بالتمديد :"
"Submit RMA","إرسال طلب الاسترجاع"
"Qty RMA","كمية طلب الاسترجاع"
"Not available for creating RMA.","غير متاح لإنشاء طلب استرجاع."
"An item is not available for creating RMA when the order is not paid or there is an open RMA created for that item already.","العنصر غير متاح لإنشاء طلب استرجاع إذا لم يتم دفع الطلب أو كان هناك طلب استرجاع مفتوح بالفعل لهذا العنصر."
"--- Select Refund Amount ---","--- اختر قيمة الاسترداد ---"
"Full Amount","المبلغ الكامل"
"Custom Amount","مبلغ مخصص"
"You must select item RMA","يجب اختيار عنصر طلب الاسترجاع"
"You saved request","تم حفظ الطلب"
"Escalate","تصعيد"
"Submit Escalate","إرسال التصعيد"
"The RMA request is escalated, please wait for the other party's response","تم تصعيد طلب الاسترجاع، يرجى انتظار رد الطرف الآخر"
"Print RMA","طباعة طلب الاسترجاع"
"RMA ID #","رقم طلب الاسترجاع"
"Rating","تقييم"
"My Wishlist","قائمة الرغبات الخاصة بي"
"Quotes Search","بحث العروض"
"Proposal Sent","تم إرسال العرض"
"Proposal Rejected","تم رفض العرض"
"As low as","ابتداءً من"
"Quote was updated.","تم تحديث عرض الأسعار."
"Do you have a general remark with this quote request?","هل لديك ملاحظة عامة على طلب عرض الأسعار هذا؟"
"Telephone","الهاتف"
"Submit Quote Request","إرسال طلب عرض الأسعار"
"Date Created","تاريخ الإنشاء"
"We'll email you a quote confirmation with details and tracking info.","سنرسل إليك بريدًا إلكترونيًا يتضمن تأكيد عرض الأسعار مع التفاصيل ومعلومات التتبع."
"Your quote number is: %1.","رقم عرض الأسعار الخاص بك هو: %1."
"Enter your destination to get a shipping estimate.","أدخل وجهتك للحصول على تقدير الشحن."
"admin","مسئول"
"Blog by MGS","مدونة بواسطة MGS"
"See All","عرض الكل"
"Search review: ","بحث في المراجعات: "
"Sort review by: ","ترتيب المراجعات حسب: "
"Helpful","مفيد"admin
"Average Rating Percent","متوسط نسبة التقييم"
"There are ","هناك "
" of "," من "
" people found this helpful."," أشخاص وجدوا هذا مفيدًا."
"By User","بواسطة المستخدم"
"Report Abuse","الإبلاغ عن إساءة"
"Was this review helpful?","هل كان هذا التقييم مفيدًا؟"
"Posted on","تم النشر في"
"Your Rating","تقييمك"
"What I like about this product","ما يعجبني في هذا المنتج"
"What I do not like about this product","ما لا يعجبني في هذا المنتج"
"Review Images","صور التقييم"
"Proposal on Hold","العرض معلق"
"Proposal Expired","انتهت صلاحية العرض"
"Proposal Cancelled","تم إلغاء العرض"
"Proposal Accepted","تم قبول العرض"
"Could not apply coupon code","لا يمكن تطبيق كود القسيمة"
"My Credit (%1)","رصيدي (%1)"
"My Credit","رصيدي الائتماني"
"Credit Value","قيمة الائتمان"
"You have to login to use this action","يجب عليك تسجيل الدخول لاستخدام هذا الإجراء"
"Max credit you can use: %1","أقصى ائتمان يمكنك استخدامه: %1"
"Customer Id is not valid","معرف العميل غير صالح"
"Admin Add Credit","إضافة ائتمان للمشرف"
"Amout is not set in %1 on line %2" ,"المبلغ غير محدد في %1 في السطر %2"
"Admin add %1 credits to your credit account.","المشرف يضيف %1 ائتمان إلى حسابك"
"Admin Subtract Credit","طرح الائتمان من قبل المشرف"
"Amout is not set in %1 on line %2","المبلغ غير محدد في %1 في السطر %2"
"Admin subtract %1 credits from your credit account.","المشرف يطرح %1 ائتمان من حسابك"
"Buy Credit","شراء ائتمان"
"Amout is not set in %1 on line %2","المبلغ غير محدد في %1 في السطر %2"
"Buy %1 credits from store","شراء %1 ائتمان من المتجر"
"Order Refunded by Credit","تم استرداد الطلب بواسطة الائتمان"
"Amout is not set in %1 on line %2","المبلغ غير محدد في %1 في السطر %2"
"Order refunded #%1, Creditmemo #%2","تم استرداد الطلب #%1، Creditmemo #%2"
"Order refunded #%1, Creditmemo #%2","تم استرداد الطلب #%1، Creditmemo #%2"
"Spend Credit","إنفاق الائتمان"
"Amout is not set in %1 on line %2","المبلغ غير محدد في %1 في السطر %2"
"Spent credit on order #%1, invoice #%2","تم إنفاق الائتمان على الطلب #%1، الفاتورة #%2"
"Spent credit on order #%1, invoice #%2","تم إنفاق الائتمان على الطلب #%1، الفاتورة #%2"
"Credit Value","قيمة الائتمان"
"Store Credit","ائتمان المتجر"
"Credit Accounts","حسابات الائتمان"
"Credit Products","منتجات الائتمان"
"Credit Transactions","المعاملات الائتمانية"
"Settings","الإعدادات"
"Credit Balance","رصيد الائتمان"
"Other customers (%1)","عملاء آخرون (%1)"
"Transaction Id","معرف المعاملة"
"Store Credit (%1)","ائتمان المتجر (%1)"
"Refunded to Store Credit","تم استرداده إلى ائتمان المتجر"
"ALL GROUPS","جميع المجموعات"
"Add Price","إضافة السعر"
"Add Credit Product","إضافة منتج ائتمان"
"Manage Credit Accounts","إدارة حسابات الائتمان"
"Credit Dashboard","لوحة الائتمان"
"Manage Credit Products","إدارة منتجات الائتمان"
"Manage Credit Transactions","إدارة المعاملات الائتمانية"
"Cart %1 doesn't contain products","سلة التسوق %1 لا تحتوي على منتجات"
"You need to login to use this action","يجب عليك تسجيل الدخول لاستخدام هذا الإجراء"
"You can't apply the amount which is greater than your credit balance","لا يمكنك تطبيق المبلغ الذي يزيد عن رصيد الائتمان الخاص بك"
"Could not apply credit","تعذر تطبيق الائتمان"
"Could not remove credit","تعذر إزالة الائتمان"
"Credit Account is not set in %1 on line %2","لم يتم تعيين حساب الائتمان في %1 في السطر %2"
"'From' value of Store Credit must be set '%1'", "يجب تعيين قيمة 'من' الائتمان المخزني '%1'"
"'To' value of Store Credit must be set '%1'", "يجب تعيين قيمة 'إلى' الائتمان المخزني '%1'"
"Store Credit Value must be set '%1'", "يجب تعيين قيمة الائتمان المخزني '%1'"
"All store credit value and price must be set '%1'", "يجب تعيين جميع قيم الائتمان المخزني والسعر '%1'"
"Store Credit Value must be set '%1'", "يجب تعيين قيمة الائتمان المخزني '%1'"
"You need to choose options for your item.","يجب عليك اختيار خيارات لعنصرك."
"Fixed value","قيمة ثابتة"
"Dropdown values","قيم منسدلة"
"Custom value","قيمة مخصصة"
"Use store credit to checkout (%1 available)","استخدام الائتمان للخروج (%1 متاح)"
"Enter credit amount","أدخل مبلغ الائتمان"
"Apply Credit","تطبيق الائتمان"
"Close","إغلاق"
"Cancel Credit","إلغاء الائتمان"
"You're spending: ","أنت تنفق: "
"You can't apply the amount which is greater than your credit balance","لا يمكنك تطبيق المبلغ الذي يزيد عن رصيد الائتمان الخاص بك"
"Your credit was successfully removed","تمت إزالة الائتمان الخاص بك بنجاح"
"%1 credit was successfully applied","تم تطبيق %1 ائتمان بنجاح"
"You have no items in your quote.","ليس لديك أي عناصر في عرض الأسعار الخاص بك."
"Track your order","تتبع طلبك"
"Quickview","نظرة سريعة"
"You added %1 to your quote.","لقد أضفت %1 إلى عرض الأسعار الخاص بك."
"Adding...","جارٍ الإضافة..."
"Adding ...","جارٍ الإضافة ..."
"Request a Quote","طلب عرض سعر"
"%1 has been removed from wishlist.","تمت إزالة %1 من قائمة الرغبات."
"Update Wish List","تحديث قائمة الرغبات"
"Comment","تعليق"
Click <a href="%1">here</a> to go to homepage.,انقر <a href="%1">هنا</a> للانتقال إلى الصفحة الرئيسية.
"Your credit balance is: %1","رصيدك الائتماني هو: %1"
"Your credit balance is: %1 (%2)","رصيدك الائتماني هو: %1 (%2)"
"Refund","استرجاع"
"Max Amount: ","الحد الأقصى: "
"View History","عرض التاريخ"
"Change Amount","تغيير المبلغ"
"&laquo;Back View RMA","&laquo; العودة إلى عرض طلب الاسترجاع"
"Welcome, %1!","!مرحبا, %1"
