Quotes,Quotes
Continue,Continue
"New Quote","New Quote"
ID,ID
Email,Email
"First Name","First Name"
"Customer Information","Customer Information"
Store,Store
"Customer Id #","Customer Id #"
"Select Customer ...","Select Customer ..."
"Last Name","Last Name"
Phone,Phone
Company,Company
"VAT/Tax ID","VAT/Tax ID"
"Messages History","Messages History"
"Please select a customer","Please select a customer"
"Quote With Guest","Quote With Guest"
"Quote # %1 | %2","Quote # %1 | %2"
"Create New Quote for %1 in %2","Create New Quote for %1 in %2"
"Create New Quote in %1","Create New Quote in %1"
"Create New Quote for %1","Create New Quote for %1"
"Create New Quote for New Customer","Create New Quote for New Customer"
Tax/VAT,Tax/VAT
" [deleted]"," [deleted]"
"Items Quoted","Items Quoted"
Configure,Configure
"This product does not have any configurable options","This product does not have any configurable options"
"Please select products","Please select products"
"Add Selected Product(s) to Quote","Add Selected Product(s) to Quote"
"Please select a store","Please select a store"
Cancel,Cancel
"Are you sure you want to cancel this quote?","Are you sure you want to cancel this quote?"
Hold,Hold
Unhold,Unhold
Approve,Approve
"Save and send email","Save and send email"
"Save as draft","Save as draft"
"Are you sure you want to send an quote email to customer?","Are you sure you want to send an quote email to customer?"
"Send Email","Send Email"
hold,hold
unhold,unhold
"Quote # %1","Quote # %1"
"My Quotes","My Quotes"
"The post data is not valid","The post data is not valid"
"Can not add the message.","Can not add the message."
Quotation,Quotation
"This quote no longer exists.","This quote no longer exists."
"The quote is approved and sent back to customer.","The quote is approved and sent back to customer."
"There is problem occursed.","There is problem occursed."
"You canceled the quote.","You canceled the quote."
"You have not canceled the item.","You have not canceled the item."
"Quote item id is not received.","Quote item id is not received."
"Quote item is not loaded.","Quote item is not loaded."
Quotations,Quotations
"We could not add a product to quote by the ID ""%1"".","We could not add a product to quote by the ID ""%1""."
"You created the quote.","You created the quote."
"Quote saving error: %1","Quote saving error: %1"
"You deleted the Quote.","You deleted the Quote."
"We can't find a Quote to delete.","We can't find a Quote to delete."
"Can't hold quote.","Can't hold quote."
"You put the quote on hold.","You put the quote on hold."
"You have not put the quote on hold.","You have not put the quote on hold."
"%1 quote(s) cannot be canceled.","%1 quote(s) cannot be canceled."
"You cannot cancel the quote(s).","You cannot cancel the quote(s)."
"We canceled %1 quote(s).","We canceled %1 quote(s)."
"%1 quote(s) cannot be deleted.","%1 quote(s) cannot be deleted."
"You cannot deleted the quote(s).","You cannot deleted the quote(s)."
"We deleted %1 quote(s).","We deleted %1 quote(s)."
"%1 quote(s) were not put on hold.","%1 quote(s) were not put on hold."
"No quote(s) were put on hold.","No quote(s) were put on hold."
"You have put %1 quote(s) on hold.","You have put %1 quote(s) on hold."
"%1 quote(s) were not released from on hold status.","%1 quote(s) were not released from on hold status."
"No quote(s) were released from on hold status.","No quote(s) were released from on hold status."
"%1 quote(s) have been released from on hold status.","%1 quote(s) have been released from on hold status."
"This Quote no longer exists.","This Quote no longer exists."
"You saved the Quote.","You saved the Quote."
"Something went wrong while saving the Quote.","Something went wrong while saving the Quote."
"Can't un hold quote.","Can't un hold quote."
"You released the quote from holding status.","You released the quote from holding status."
"The quote was not on hold.","The quote was not on hold."
"The request is not valid.","The request is not valid."
"Edit Quote","Edit Quote"
"Quote #%1","Quote #%1"
"You are not authorized to upload file.","You are not authorized to upload file."
"The quote is not available.","The quote is not available."
"The quote status is not valid.","The quote status is not valid."
"Your items are added to cart","Your items are added to cart"
"You are not authorized to send message.","You are not authorized to send message."
"An error occurred","An error occurred"
"Your message is sent","Your message is sent"
"The proposal is rejected","The proposal is rejected"
"My Quote #%1","My Quote #%1"
"Quotes Search","Quotes Search"
"Quotes Request","Quotes Request"
"You accepted this quote","You accepted this quote"
"We can't accepted the quote.","We can't accepted the quote."
"The form key is invalid. Please refresh the page.","The form key is invalid. Please refresh the page."
"The product it not available.","The product it not available."
"The product ""%1"" is not allowed to add to quote.","The product ""%1"" is not allowed to add to quote."
"You added %1 to your quote.","You added %1 to your quote."
"We can't add this item to your quote right now.","We can't add this item to your quote right now."
"Quote was updated.","Quote was updated."
"We can't update the quote.","We can't update the quote."
"We can't find the quote item.","We can't find the quote item."
"You rejected this quote","You rejected this quote"
"We can't reject the quote.","We can't reject the quote."
"Quote created successfully.","Quote created successfully."
"We can't submit the quote.","We can't submit the quote."
"Reminder quotes are processed. %1","Reminder quotes are processed. %1"
"Your quote information is incorrect.","Your quote information is incorrect."
Home,Home
"Go to Home Page","Go to Home Page"
"Quote Information","Quote Information"
"%1 (Default)","%1 (Default)"
Disable,Disable
"You can not remove default proposal","You can not remove default proposal"
"Could not save the item: %1","Could not save the item: %1"
"Could not delete the Item: %1","Could not delete the Item: %1"
"Item with id ""%1"" does not exist.","Item with id ""%1"" does not exist."
"Could not save the message: %1","Could not save the message: %1"
"Could not delete the Message: %1","Could not delete the Message: %1"
"Message with id ""%1"" does not exist.","Message with id ""%1"" does not exist."
"Could not save the proposal: %1","Could not save the proposal: %1"
"Could not delete the Proposal: %1","Could not delete the Proposal: %1"
"Proposal with id ""%1"" does not exist.","Proposal with id ""%1"" does not exist."
Guest,Guest
"We found an invalid request for adding product to quote.","We found an invalid request for adding product to quote."
"Can not submit the quote","Can not submit the quote"
"This is the wrong quote item id to update configuration.","This is the wrong quote item id to update configuration."
Products,Products
SKU,SKU
"Origin Price","Origin Price"
Qty,Qty
Proposals,Proposals
"Quotation # ","Quotation # "
"Quotation Created Date: ","Quotation Created Date: "
"Quotation Valid Until: ","Quotation Valid Until: "
"Quote Information:","Quote Information:"
"Customer Information:","Customer Information:"
-,-
"We don't recognize the draw line data. Please define the ""lines"" array.","We don't recognize the draw line data. Please define the ""lines"" array."
"Invalid quote class provided for the PDF. Expected class \Vnecoms\Quotation\Model\Quote","Invalid quote class provided for the PDF. Expected class \Vnecoms\Quotation\Model\Quote"
"The quote object is not specified.","The quote object is not specified."
"An item object is not specified.","An item object is not specified."
"A PDF object is not specified.","A PDF object is not specified."
"A PDF page object is not specified.","A PDF page object is not specified."
"Could not save the quote: %1","Could not save the quote: %1"
"Quote with id ""%1"" does not exist.","Quote with id ""%1"" does not exist."
"Could not cancel the quote","Could not cancel the quote"
"Could not cancel the quote: %1","Could not cancel the quote: %1"
"Could not accept the quote: %1","Could not accept the quote: %1"
"Could not approve the quote: %1","Could not approve the quote: %1"
" item"," item"
" items"," items"
"Yes and Required","Yes and Required"
Yes,Yes
No,No
Starting,Starting
"Created, not sent","Created, not sent"
Processing,Processing
"Proposal Expired","Proposal Expired"
"Proposal on Hold","Proposal on Hold"
"Proposal Cancelled","Proposal Cancelled"
"Proposal Sent","Proposal Sent"
"Proposal Rejected","Proposal Rejected"
"Proposal Accepted","Proposal Accepted"
Ordered,Ordered
"Load customer quote error","Load customer quote error"
"The item '%1' is related to the quote #%2. It's not allowed to change the qty.","The item '%1' is related to the quote #%2. It's not allowed to change the qty."
View,View
Delete,Delete
"Delete ""${ $.$data.entity_id }""","Delete ""${ $.$data.entity_id }"""
"Are you sure you wan't to delete quote #""${ $.$data.entity_id }"" record?","Are you sure you wan't to delete quote #""${ $.$data.entity_id }"" record?"
"Account Information","Account Information"
"Customer Name","Customer Name"
"Customer First Name","Customer First Name"
"Customer Last Name","Customer Last Name"
"Customer Tel","Customer Tel"
"Customer Group","Customer Group"
"Quote & Account Information","Quote & Account Information"
"Quote Date","Quote Date"
"Quote Date (%1)","Quote Date (%1)"
"Purchased From","Purchased From"
"Placed from IP","Placed from IP"
Status,Status
"Reminder Date","Reminder Date"
"send reminder email","send reminder email"
"Expiration Date","Expiration Date"
"send expiration email","send expiration email"
Note,Note
"Enter Your comment","Enter Your comment"
"Customer Remark","Customer Remark"
Product,Product
"Original Price","Original Price"
"Qty & Proposals","Qty & Proposals"
"No quote items","No quote items"
Actions,Actions
Price,Price
"Margin GP","Margin GP"
Default,Default
Add,Add
"Save All","Save All"
"Apply Proposal","Apply Proposal"
" as percentage"," as percentage"
Apply,Apply
Totals,Totals
"records found","records found"
selected,selected
"per page","per page"
"Previous page","Previous page"
"of %1","of %1"
"Next page","Next page"
"Add to Quote","Add to Quote"
"Adding ...","Adding ..."
Added,Added
"Items %1 to %2 of %3 total","Items %1 to %2 of %3 total"
"%1 Item","%1 Item"
"%1 Item(s)","%1 Item(s)"
Page,Page
Previous,Previous
"You're currently reading page","You're currently reading page"
Next,Next
Show,Show
" - by"," - by"
"%1 attachments","%1 attachments"
"%1 attachment","%1 attachment"
Telephone,Telephone
"VAT/Tax Id","VAT/Tax Id"
"Remark With Proposal","Remark With Proposal"
Image,Image
"Product Name","Product Name"
Item,Item
QTY,QTY
"in process ...","in process ..."
Messages,Messages
Send,Send
Back,Back
"Reject Proposal","Reject Proposal"
"Confirm and Add to Cart","Confirm and Add to Cart"
"Date Created","Date Created"
Customer,Customer
Action,Action
"ID #","ID #"
#%1,#%1
Date,Date
"You have no any quote!","You have no any quote!"
Items,Items
"* Required Fields","* Required Fields"
"Quote ID","Quote ID"
"Find Quote By","Find Quote By"
Search,Search
"Excl. Tax","Excl. Tax"
"We can't find products matching the selection.","We can't find products matching the selection."
"Add to Cart","Add to Cart"
"In stock","In stock"
"Out of stock","Out of stock"
"Learn More","Learn More"
"Add to Wish List","Add to Wish List"
"Add to Compare","Add to Compare"
"Customize and Add to Cart","Customize and Add to Cart"
"Customize and Add to Quote","Customize and Add to Quote"
Customize,Customize
"Enter your comment","Enter your comment"
"See price before order confirmation.","See price before order confirmation."
"What's this?","What's this?"
"Requested Price","Requested Price"
"Edit item parameters","Edit item parameters"
Edit,Edit
"Remove item","Remove item"
"My Quote","My Quote"
"<span class=""label"">Quote Date:</span> %1","<span class=""label"">Quote Date:</span> %1"
"Quote Items","Quote Items"
"Requested Quantity","Requested Quantity"
"Clear Quote","Clear Quote"
"You have no items in your quote.","You have no items in your quote."
"Click <a href=""%1"">here</a> to go to homepage.","Click <a href=""%1"">here</a> to go to homepage."
"Request a Quote","Request a Quote"
"Add your comment","Add your comment"
"Quote Name","Quote Name"
"Request A Quote","Request A Quote"
Loading...,Loading...
Remarks,Remarks
"Please login to submit your quote","Please login to submit your quote"
"Do you have a general remark with this quote request?","Do you have a general remark with this quote request?"
"Submit Quote Request","Submit Quote Request"
"Your quote number is: %1.","Your quote number is: %1."
"Your quote # is: <span>%1</span>.","Your quote # is: <span>%1</span>."
"We'll email you a quote confirmation with details and tracking info.","We'll email you a quote confirmation with details and tracking info."
"Continue Shopping","Continue Shopping"
by,by
Remove,Remove
"Delete image","Delete image"
"Add Attachment","Add Attachment"
"A new quote has been submitted from %store_name.","A new quote has been submitted from %store_name."
"Quote Request <span class=""no-link"">#%increment_id</span>","Quote Request <span class=""no-link"">#%increment_id</span>"
"Placed on <span class=""no-link"">%created_at</span>","Placed on <span class=""no-link"">%created_at</span>"
Remark,Remark
"%sender has just send a new message relate to the quote #%quote_id.","%sender has just send a new message relate to the quote #%quote_id."
"Your Quote Request <span class=""no-link"">#%increment_id</span>","Your Quote Request <span class=""no-link"">#%increment_id</span>"
"The following quote has been completed.","The following quote has been completed."
"The customer has rejected your proposal.","The customer has rejected your proposal."
"Thank you for your quote request from %store_name.","Thank you for your quote request from %store_name."
"Once your package ships we will send you a tracking number.","Once your package ships we will send you a tracking number."
"You can check the status of your quote by visiting to this link <a href=""%view_quote_url"">%view_quote_url</a>.","You can check the status of your quote by visiting to this link <a href=""%view_quote_url"">%view_quote_url</a>."
"If you have questions about your order, you can email us at <a href=""mailto:%store_email"">%store_email</a>","If you have questions about your order, you can email us at <a href=""mailto:%store_email"">%store_email</a>"
"Your quote is approved. You can now add products in your quote to shopping cart and process the order.","Your quote is approved. You can now add products in your quote to shopping cart and process the order."
"Your quote is cancelled.","Your quote is cancelled."
"Your quote is expired.","Your quote is expired."
"Your quote is held.","Your quote is held."
"You got a new message from %sender.","You got a new message from %sender."
"You have just rejected our proposal.","You have just rejected our proposal."
"You are getting this email because you have submit a quote from %store_name which is not completed yet.","You are getting this email because you have submit a quote from %store_name which is not completed yet."
"Your quote is unheld.","Your quote is unheld."
Close,Close
"item in the Quote","item in the Quote"
"items in the Quote","items in the Quote"
"View Quote Request","View Quote Request"
"Recently added item(s)","Recently added item(s)"
"Items in Quote","Items in Quote"
"View and edit quote","View and edit quote"
"See Details","See Details"
"Options Details","Options Details"
Update,Update
"Enter your details","Enter your details"
"Email Address","Email Address"
"You can create an account after quote.","You can create an account after quote."
Password,Password
"You already have an account with us. Sign in or continue as guest.","You already have an account with us. Sign in or continue as guest."
Login,Login
"Forgot Your Password?","Forgot Your Password?"
"Submit Quote","Submit Quote"
"Login your account","Login your account"
"Sign In","Sign In"
or,or
[customer],[customer]
[admin],[admin]
[vendor],[vendor]
Error,Error
"Please enter the message.","Please enter the message."
"Something wrong. Please try to refresh the page.","Something wrong. Please try to refresh the page."
"Are you sure you want to cancel this order?","Are you sure you want to cancel this order?"
"Add Products","Add Products"
"You have item changes","You have item changes"
"Send Request","Send Request"
"Something went wrong while processing your quote. Please try again later.","Something went wrong while processing your quote. Please try again later."
VNECOMS,VNECOMS
"Quote Frontend","Quote Frontend"
"Login Required","Login Required"
"Form Configuration","Form Configuration"
"Category Page","Category Page"
"Product List Selector","Product List Selector"
"Add to Cart Button Selector","Add to Cart Button Selector"
"Quotation Configuration","Quotation Configuration"
"Quote ID Format","Quote ID Format"
Prefix,Prefix
Suffix,Suffix
"Start Counter From","Start Counter From"
"Counter Increment Step","Counter Increment Step"
"Number Length","Number Length"
"Use Separated Counter For This Website","Use Separated Counter For This Website"
"Use Separated Counter For This Store","Use Separated Counter For This Store"
"Reset counter","Reset counter"
"Expiration Times and Notifications","Expiration Times and Notifications"
"Default Expiration Time","Default Expiration Time"
"Default Reminder Notice Time","Default Reminder Notice Time"
"Message Configuration","Message Configuration"
"Allow Customer Upload Files","Allow Customer Upload Files"
"Allowed Extensions","Allowed Extensions"
"Notification Emails","Notification Emails"
"Email Sender","Email Sender"
"Emails Send to Customer","Emails Send to Customer"
"New Quote Confirmation Email Template","New Quote Confirmation Email Template"
"New Quote Confirmation Email Template for Guest","New Quote Confirmation Email Template for Guest"
"Quote is Approved Email Template","Quote is Approved Email Template"
"Quote is Approved Email Template for Guest","Quote is Approved Email Template for Guest"
"Quote is Cancelled Email Template","Quote is Cancelled Email Template"
"Quote is Cancelled Email Template for Guest","Quote is Cancelled Email Template for Guest"
"Quote is Held Email Template","Quote is Held Email Template"
"Quote is Held Email Template for Guest","Quote is Held Email Template for Guest"
"Quote is Unheld Email Template","Quote is Unheld Email Template"
"Quote is Unheld Email Template for Guest","Quote is Unheld Email Template for Guest"
"Quote is Rejected Email Template","Quote is Rejected Email Template"
"Quote is Rejected Email Template for Guest","Quote is Rejected Email Template for Guest"
"Quote is Expired Email Template","Quote is Expired Email Template"
"Quote is Expired Email Template for Guest","Quote is Expired Email Template for Guest"
"Quote Remider Email Template","Quote Remider Email Template"
"Quote Message Email Template","Quote Message Email Template"
"Emails Send to Admin","Emails Send to Admin"
"Admin emails","Admin emails"
"Products Grid Template","Products Grid Template"
quote-header,quote-header
"Add New Quote","Add New Quote"
"Customer Email","Customer Email"
"Purchase Point","Purchase Point"
"Purchase Date","Purchase Date"
"Last Updated","Last Updated"
"Thank you for your quote request!","Thank you for your quote request!"
