"Choose one value per configurable option.","اختر قيمة واحدة لكل خيار من خيارات المنتج."
"Choose the options of every configurable product in the bundle.","اختر خيارات كل منتج قابل للتخصيص في الباقة."
"Could not find a product with SKU ""%sku""","تعذّر العثور على منتج بالرمز ""%sku"""
"Please specify product option(s).","يرجى تحديد خيار(ات) المنتج."
"Product ""%1"" is not a bundle.","المنتج ""%1"" ليس باقة."
"Required parameter ""cart_id"" is missing","المعامل المطلوب ""cart_id"" غير موجود"
"Required parameter ""sku"" is missing","المعامل المطلوب ""sku"" غير موجود"
"Something went wrong while adding the bundle to the cart.","حدث خطأ أثناء إضافة الباقة إلى السلة."
"The bundle option ""%1"" has no options to choose.","لا توجد اختيارات متاحة في خيار الباقة ""%1""."
"The bundle option ""%1"" is not valid.","خيار الباقة ""%1"" غير صالح."
"The bundle option ""%1"" was sent more than once.","تم إرسال خيار الباقة ""%1"" أكثر من مرة."
"The configurable option ""%1"" is not valid.","خيار المنتج القابل للتخصيص ""%1"" غير صالح."
"The configurable options are not valid.","خيارات المنتج القابل للتخصيص غير صالحة."
"The options you selected are not available.","لا تتوفر الخيارات التي قمت بتحديدها."
"The product quantity should be greater than 0","يجب أن تكون كمية المنتج أكبر من 0"
"The same product was chosen twice with different options.","تم اختيار المنتج نفسه مرتين بخيارات مختلفة."
