"Choose one value per configurable option.","Choose one value per configurable option."
"Choose the options of every configurable product in the bundle.","Choose the options of every configurable product in the bundle."
"Could not find a product with SKU ""%sku""","Could not find a product with SKU ""%sku"""
"Please specify product option(s).","Please specify product option(s)."
"Product ""%1"" is not a bundle.","Product ""%1"" is not a bundle."
"Required parameter ""cart_id"" is missing","Required parameter ""cart_id"" is missing"
"Required parameter ""sku"" is missing","Required parameter ""sku"" is missing"
"Something went wrong while adding the bundle to the cart.","Something went wrong while adding the bundle to the cart."
"The bundle option ""%1"" has no options to choose.","The bundle option ""%1"" has no options to choose."
"The bundle option ""%1"" is not valid.","The bundle option ""%1"" is not valid."
"The bundle option ""%1"" was sent more than once.","The bundle option ""%1"" was sent more than once."
"The configurable option ""%1"" is not valid.","The configurable option ""%1"" is not valid."
"The configurable options are not valid.","The configurable options are not valid."
"The options you selected are not available.","The options you selected are not available."
"The product quantity should be greater than 0","The product quantity should be greater than 0"
"The same product was chosen twice with different options.","The same product was chosen twice with different options."
"This bundle cannot be priced right now.","This bundle cannot be priced right now."
