"Shop by category","تسوق حسب القسم"
"Today's Deals","عروض اليوم"
"Picked For You","مختارة لك"
"Featured Stores","متاجر مختارة"
"Bundle Deals","عروض الباقات"
"Best Selling Items","الأكثر مبيعًا"
"Popular Products","منتجات رائجة"
"Top Brands on Hub Market","أشهر العلامات التجارية على Hub Market"
"Top Vendors This Month","أفضل البائعين هذا الشهر"
"New Stores on Hub Market","متاجر جديدة على Hub Market"
"Includes %1.","يتضمن %1."
"Includes %1 and %2 more.","يتضمن %1 و%2 منتجات أخرى."
"Active order card (the signed-in customer's open order)","بطاقة الطلب الجاري (الطلب المفتوح للعميل المسجّل دخوله)"
"min_discount_percent must be between 0 and 100.","يجب أن تكون قيمة min_discount_percent بين 0 و100."
