"Shop by category","Shop by category"
"Today's Deals","Today's Deals"
"Picked For You","Picked For You"
"Featured Stores","Featured Stores"
"Bundle Deals","Bundle Deals"
"Best Selling Items","Best Selling Items"
"Popular Products","Popular Products"
"Top Brands on Hub Market","Top Brands on Hub Market"
"Top Vendors This Month","Top Vendors This Month"
"New Stores on Hub Market","New Stores on Hub Market"
"Includes %1.","Includes %1."
"Includes %1 and %2 more.","Includes %1 and %2 more."
"Active order card (the signed-in customer's open order)","Active order card (the signed-in customer's open order)"
